"","eventID","scientificName","occurrenceID","occurrenceStatus","basisOfRecord"
"1","event-1-1",4.8,"event-1-1-O-1","present","HumanObservation"
"2","event-2-2",4.2,"event-2-2-O-2","present","HumanObservation"
"3","event-3-3",5.4,"event-3-3-O-3","present","HumanObservation"
"4","event-4-4",4.1,"event-4-4-O-4","present","HumanObservation"
"5","event-5-5",4,"event-5-5-O-5","present","HumanObservation"
"6","event-1-6",4,"event-1-6-O-6","present","HumanObservation"
"7","event-2-7",4.8,"event-2-7-O-7","present","HumanObservation"
"8","event-3-8",4.4,"event-3-8-O-8","present","HumanObservation"
"9","event-4-9",4.7,"event-4-9-O-9","present","HumanObservation"
"10","event-5-10",4.3,"event-5-10-O-10","present","HumanObservation"
"11","event-1-11",4.4,"event-1-11-O-11","present","HumanObservation"
"12","event-2-12",4.6,"event-2-12-O-12","present","HumanObservation"
"13","event-3-13",4.4,"event-3-13-O-13","present","HumanObservation"
"14","event-4-14",4.4,"event-4-14-O-14","present","HumanObservation"
"15","event-5-15",6.1,"event-5-15-O-15","present","HumanObservation"
"16","event-1-16",4.3,"event-1-16-O-16","present","HumanObservation"
"17","event-2-17",6,"event-2-17-O-17","present","HumanObservation"
"18","event-3-18",4.5,"event-3-18-O-18","present","HumanObservation"
"19","event-4-19",4.4,"event-4-19-O-19","present","HumanObservation"
"20","event-5-20",4.4,"event-5-20-O-20","present","HumanObservation"
"21","event-1-21",4.5,"event-1-21-O-21","present","HumanObservation"
"22","event-2-22",4.2,"event-2-22-O-22","present","HumanObservation"
"23","event-3-23",4.4,"event-3-23-O-23","present","HumanObservation"
"24","event-4-24",4.7,"event-4-24-O-24","present","HumanObservation"
"25","event-5-25",5.4,"event-5-25-O-25","present","HumanObservation"
"26","event-1-26",4,"event-1-26-O-26","present","HumanObservation"
"27","event-2-27",4.6,"event-2-27-O-27","present","HumanObservation"
"28","event-3-28",5.2,"event-3-28-O-28","present","HumanObservation"
"29","event-4-29",4.5,"event-4-29-O-29","present","HumanObservation"
"30","event-5-30",4.4,"event-5-30-O-30","present","HumanObservation"
"31","event-1-31",4.6,"event-1-31-O-31","present","HumanObservation"
"32","event-2-32",4.7,"event-2-32-O-32","present","HumanObservation"
"33","event-3-33",4.8,"event-3-33-O-33","present","HumanObservation"
"34","event-4-34",4,"event-4-34-O-34","present","HumanObservation"
"35","event-5-35",4.5,"event-5-35-O-35","present","HumanObservation"
"36","event-1-36",4.3,"event-1-36-O-36","present","HumanObservation"
"37","event-2-37",4.5,"event-2-37-O-37","present","HumanObservation"
"38","event-3-38",4.6,"event-3-38-O-38","present","HumanObservation"
"39","event-4-39",4.1,"event-4-39-O-39","present","HumanObservation"
"40","event-5-40",4.4,"event-5-40-O-40","present","HumanObservation"
"41","event-1-41",4.7,"event-1-41-O-41","present","HumanObservation"
"42","event-2-42",4.6,"event-2-42-O-42","present","HumanObservation"
"43","event-3-43",4.4,"event-3-43-O-43","present","HumanObservation"
"44","event-4-44",4.3,"event-4-44-O-44","present","HumanObservation"
"45","event-5-45",4.6,"event-5-45-O-45","present","HumanObservation"
"46","event-1-46",4.9,"event-1-46-O-46","present","HumanObservation"
"47","event-2-47",4.5,"event-2-47-O-47","present","HumanObservation"
"48","event-3-48",4.4,"event-3-48-O-48","present","HumanObservation"
"49","event-4-49",4.3,"event-4-49-O-49","present","HumanObservation"
"50","event-5-50",5.1,"event-5-50-O-50","present","HumanObservation"
"51","event-1-51",4.2,"event-1-51-O-51","present","HumanObservation"
"52","event-2-52",4,"event-2-52-O-52","present","HumanObservation"
"53","event-3-53",4.6,"event-3-53-O-53","present","HumanObservation"
"54","event-4-54",4.3,"event-4-54-O-54","present","HumanObservation"
"55","event-5-55",4.2,"event-5-55-O-55","present","HumanObservation"
"56","event-1-56",4.4,"event-1-56-O-56","present","HumanObservation"
"57","event-2-57",4.5,"event-2-57-O-57","present","HumanObservation"
"58","event-3-58",4,"event-3-58-O-58","present","HumanObservation"
"59","event-4-59",4.4,"event-4-59-O-59","present","HumanObservation"
"60","event-5-60",4.3,"event-5-60-O-60","present","HumanObservation"
"61","event-1-61",4.7,"event-1-61-O-61","present","HumanObservation"
"62","event-2-62",4.1,"event-2-62-O-62","present","HumanObservation"
"63","event-3-63",5,"event-3-63-O-63","present","HumanObservation"
"64","event-4-64",4.6,"event-4-64-O-64","present","HumanObservation"
"65","event-5-65",4.9,"event-5-65-O-65","present","HumanObservation"
"66","event-1-66",4.7,"event-1-66-O-66","present","HumanObservation"
"67","event-2-67",4.1,"event-2-67-O-67","present","HumanObservation"
"68","event-3-68",5,"event-3-68-O-68","present","HumanObservation"
"69","event-4-69",4.5,"event-4-69-O-69","present","HumanObservation"
"70","event-5-70",5.5,"event-5-70-O-70","present","HumanObservation"
"71","event-1-71",4,"event-1-71-O-71","present","HumanObservation"
"72","event-2-72",4.5,"event-2-72-O-72","present","HumanObservation"
"73","event-3-73",4.3,"event-3-73-O-73","present","HumanObservation"
"74","event-4-74",5.2,"event-4-74-O-74","present","HumanObservation"
"75","event-5-75",4.4,"event-5-75-O-75","present","HumanObservation"
"76","event-1-76",4.3,"event-1-76-O-76","present","HumanObservation"
"77","event-2-77",4.1,"event-2-77-O-77","present","HumanObservation"
"78","event-3-78",4.5,"event-3-78-O-78","present","HumanObservation"
"79","event-4-79",4.2,"event-4-79-O-79","present","HumanObservation"
"80","event-5-80",5.3,"event-5-80-O-80","present","HumanObservation"
"81","event-1-81",5.2,"event-1-81-O-81","present","HumanObservation"
"82","event-2-82",4.5,"event-2-82-O-82","present","HumanObservation"
"83","event-3-83",4.6,"event-3-83-O-83","present","HumanObservation"
"84","event-4-84",4.3,"event-4-84-O-84","present","HumanObservation"
"85","event-5-85",4,"event-5-85-O-85","present","HumanObservation"
"86","event-1-86",4.3,"event-1-86-O-86","present","HumanObservation"
"87","event-2-87",4.7,"event-2-87-O-87","present","HumanObservation"
"88","event-3-88",4.5,"event-3-88-O-88","present","HumanObservation"
"89","event-4-89",4.2,"event-4-89-O-89","present","HumanObservation"
"90","event-5-90",4.3,"event-5-90-O-90","present","HumanObservation"
"91","event-1-91",5.1,"event-1-91-O-91","present","HumanObservation"
"92","event-2-92",4.7,"event-2-92-O-92","present","HumanObservation"
"93","event-3-93",5.2,"event-3-93-O-93","present","HumanObservation"
"94","event-4-94",4.2,"event-4-94-O-94","present","HumanObservation"
"95","event-5-95",4.2,"event-5-95-O-95","present","HumanObservation"
"96","event-1-96",4,"event-1-96-O-96","present","HumanObservation"
"97","event-2-97",4.5,"event-2-97-O-97","present","HumanObservation"
"98","event-3-98",5.2,"event-3-98-O-98","present","HumanObservation"
"99","event-4-99",5.1,"event-4-99-O-99","present","HumanObservation"
"100","event-5-100",4.7,"event-5-100-O-100","present","HumanObservation"
"101","event-1-101",4.1,"event-1-101-O-101","present","HumanObservation"
"102","event-2-102",4.6,"event-2-102-O-102","present","HumanObservation"
"103","event-3-103",4.7,"event-3-103-O-103","present","HumanObservation"
"104","event-4-104",4.7,"event-4-104-O-104","present","HumanObservation"
"105","event-5-105",4.6,"event-5-105-O-105","present","HumanObservation"
"106","event-1-106",4.2,"event-1-106-O-106","present","HumanObservation"
"107","event-2-107",4.4,"event-2-107-O-107","present","HumanObservation"
"108","event-3-108",4.6,"event-3-108-O-108","present","HumanObservation"
"109","event-4-109",5.7,"event-4-109-O-109","present","HumanObservation"
"110","event-5-110",5,"event-5-110-O-110","present","HumanObservation"
"111","event-1-111",4.5,"event-1-111-O-111","present","HumanObservation"
"112","event-2-112",4.2,"event-2-112-O-112","present","HumanObservation"
"113","event-3-113",4,"event-3-113-O-113","present","HumanObservation"
"114","event-4-114",4.8,"event-4-114-O-114","present","HumanObservation"
"115","event-5-115",4.4,"event-5-115-O-115","present","HumanObservation"
"116","event-1-116",4.2,"event-1-116-O-116","present","HumanObservation"
"117","event-2-117",5.3,"event-2-117-O-117","present","HumanObservation"
"118","event-3-118",4.7,"event-3-118-O-118","present","HumanObservation"
"119","event-4-119",4.8,"event-4-119-O-119","present","HumanObservation"
"120","event-5-120",4.2,"event-5-120-O-120","present","HumanObservation"
"121","event-1-121",4.8,"event-1-121-O-121","present","HumanObservation"
"122","event-2-122",4.3,"event-2-122-O-122","present","HumanObservation"
"123","event-3-123",4.7,"event-3-123-O-123","present","HumanObservation"
"124","event-4-124",4.5,"event-4-124-O-124","present","HumanObservation"
"125","event-5-125",4.4,"event-5-125-O-125","present","HumanObservation"
"126","event-1-126",5.1,"event-1-126-O-126","present","HumanObservation"
"127","event-2-127",4.2,"event-2-127-O-127","present","HumanObservation"
"128","event-3-128",5,"event-3-128-O-128","present","HumanObservation"
"129","event-4-129",4.8,"event-4-129-O-129","present","HumanObservation"
"130","event-5-130",4.3,"event-5-130-O-130","present","HumanObservation"
"131","event-1-131",4.5,"event-1-131-O-131","present","HumanObservation"
"132","event-2-132",4.2,"event-2-132-O-132","present","HumanObservation"
"133","event-3-133",4.5,"event-3-133-O-133","present","HumanObservation"
"134","event-4-134",4.6,"event-4-134-O-134","present","HumanObservation"
"135","event-5-135",4.3,"event-5-135-O-135","present","HumanObservation"
"136","event-1-136",4.7,"event-1-136-O-136","present","HumanObservation"
"137","event-2-137",5.1,"event-2-137-O-137","present","HumanObservation"
"138","event-3-138",4.6,"event-3-138-O-138","present","HumanObservation"
"139","event-4-139",4.9,"event-4-139-O-139","present","HumanObservation"
"140","event-5-140",4.2,"event-5-140-O-140","present","HumanObservation"
"141","event-1-141",4.6,"event-1-141-O-141","present","HumanObservation"
"142","event-2-142",4,"event-2-142-O-142","present","HumanObservation"
"143","event-3-143",5,"event-3-143-O-143","present","HumanObservation"
"144","event-4-144",4.4,"event-4-144-O-144","present","HumanObservation"
"145","event-5-145",4.2,"event-5-145-O-145","present","HumanObservation"
"146","event-1-146",4.2,"event-1-146-O-146","present","HumanObservation"
"147","event-2-147",4.4,"event-2-147-O-147","present","HumanObservation"
"148","event-3-148",4.9,"event-3-148-O-148","present","HumanObservation"
"149","event-4-149",5.3,"event-4-149-O-149","present","HumanObservation"
"150","event-5-150",4,"event-5-150-O-150","present","HumanObservation"
"151","event-1-151",5.7,"event-1-151-O-151","present","HumanObservation"
"152","event-2-152",6.4,"event-2-152-O-152","present","HumanObservation"
"153","event-3-153",4.3,"event-3-153-O-153","present","HumanObservation"
"154","event-4-154",4.2,"event-4-154-O-154","present","HumanObservation"
"155","event-5-155",4.7,"event-5-155-O-155","present","HumanObservation"
"156","event-1-156",4.7,"event-1-156-O-156","present","HumanObservation"
"157","event-2-157",4.2,"event-2-157-O-157","present","HumanObservation"
"158","event-3-158",4.3,"event-3-158-O-158","present","HumanObservation"
"159","event-4-159",4.9,"event-4-159-O-159","present","HumanObservation"
"160","event-5-160",4.6,"event-5-160-O-160","present","HumanObservation"
"161","event-1-161",4.1,"event-1-161-O-161","present","HumanObservation"
"162","event-2-162",4.8,"event-2-162-O-162","present","HumanObservation"
"163","event-3-163",4.6,"event-3-163-O-163","present","HumanObservation"
"164","event-4-164",4.6,"event-4-164-O-164","present","HumanObservation"
"165","event-5-165",4.8,"event-5-165-O-165","present","HumanObservation"
"166","event-1-166",5,"event-1-166-O-166","present","HumanObservation"
"167","event-2-167",5.6,"event-2-167-O-167","present","HumanObservation"
"168","event-3-168",5.3,"event-3-168-O-168","present","HumanObservation"
"169","event-4-169",4.7,"event-4-169-O-169","present","HumanObservation"
"170","event-5-170",4.5,"event-5-170-O-170","present","HumanObservation"
"171","event-1-171",4.3,"event-1-171-O-171","present","HumanObservation"
"172","event-2-172",4.6,"event-2-172-O-172","present","HumanObservation"
"173","event-3-173",4.1,"event-3-173-O-173","present","HumanObservation"
"174","event-4-174",4.1,"event-4-174-O-174","present","HumanObservation"
"175","event-5-175",4.1,"event-5-175-O-175","present","HumanObservation"
"176","event-1-176",5.7,"event-1-176-O-176","present","HumanObservation"
"177","event-2-177",5,"event-2-177-O-177","present","HumanObservation"
"178","event-3-178",4.5,"event-3-178-O-178","present","HumanObservation"
"179","event-4-179",4.1,"event-4-179-O-179","present","HumanObservation"
"180","event-5-180",4.6,"event-5-180-O-180","present","HumanObservation"
"181","event-1-181",4.5,"event-1-181-O-181","present","HumanObservation"
"182","event-2-182",4.3,"event-2-182-O-182","present","HumanObservation"
"183","event-3-183",4.4,"event-3-183-O-183","present","HumanObservation"
"184","event-4-184",4.2,"event-4-184-O-184","present","HumanObservation"
"185","event-5-185",4.1,"event-5-185-O-185","present","HumanObservation"
"186","event-1-186",4.9,"event-1-186-O-186","present","HumanObservation"
"187","event-2-187",4.3,"event-2-187-O-187","present","HumanObservation"
"188","event-3-188",4.9,"event-3-188-O-188","present","HumanObservation"
"189","event-4-189",4.6,"event-4-189-O-189","present","HumanObservation"
"190","event-5-190",4.6,"event-5-190-O-190","present","HumanObservation"
"191","event-1-191",5.3,"event-1-191-O-191","present","HumanObservation"
"192","event-2-192",4.7,"event-2-192-O-192","present","HumanObservation"
"193","event-3-193",4.6,"event-3-193-O-193","present","HumanObservation"
"194","event-4-194",4.1,"event-4-194-O-194","present","HumanObservation"
"195","event-5-195",4.6,"event-5-195-O-195","present","HumanObservation"
"196","event-1-196",4.2,"event-1-196-O-196","present","HumanObservation"
"197","event-2-197",4.6,"event-2-197-O-197","present","HumanObservation"
"198","event-3-198",4.5,"event-3-198-O-198","present","HumanObservation"
"199","event-4-199",4.3,"event-4-199-O-199","present","HumanObservation"
"200","event-5-200",5.2,"event-5-200-O-200","present","HumanObservation"
"201","event-1-201",4.3,"event-1-201-O-201","present","HumanObservation"
"202","event-2-202",4,"event-2-202-O-202","present","HumanObservation"
"203","event-3-203",4.7,"event-3-203-O-203","present","HumanObservation"
"204","event-4-204",4.5,"event-4-204-O-204","present","HumanObservation"
"205","event-5-205",4.5,"event-5-205-O-205","present","HumanObservation"
"206","event-1-206",4.3,"event-1-206-O-206","present","HumanObservation"
"207","event-2-207",5.2,"event-2-207-O-207","present","HumanObservation"
"208","event-3-208",4.5,"event-3-208-O-208","present","HumanObservation"
"209","event-4-209",4.7,"event-4-209-O-209","present","HumanObservation"
"210","event-5-210",4.2,"event-5-210-O-210","present","HumanObservation"
"211","event-1-211",4.7,"event-1-211-O-211","present","HumanObservation"
"212","event-2-212",4.3,"event-2-212-O-212","present","HumanObservation"
"213","event-3-213",4.1,"event-3-213-O-213","present","HumanObservation"
"214","event-4-214",5.4,"event-4-214-O-214","present","HumanObservation"
"215","event-5-215",4.3,"event-5-215-O-215","present","HumanObservation"
"216","event-1-216",4.3,"event-1-216-O-216","present","HumanObservation"
"217","event-2-217",4.2,"event-2-217-O-217","present","HumanObservation"
"218","event-3-218",4.6,"event-3-218-O-218","present","HumanObservation"
"219","event-4-219",4.4,"event-4-219-O-219","present","HumanObservation"
"220","event-5-220",4.2,"event-5-220-O-220","present","HumanObservation"
"221","event-1-221",4.7,"event-1-221-O-221","present","HumanObservation"
"222","event-2-222",4.6,"event-2-222-O-222","present","HumanObservation"
"223","event-3-223",4.9,"event-3-223-O-223","present","HumanObservation"
"224","event-4-224",4.2,"event-4-224-O-224","present","HumanObservation"
"225","event-5-225",4.5,"event-5-225-O-225","present","HumanObservation"
"226","event-1-226",4.9,"event-1-226-O-226","present","HumanObservation"
"227","event-2-227",4.2,"event-2-227-O-227","present","HumanObservation"
"228","event-3-228",4.5,"event-3-228-O-228","present","HumanObservation"
"229","event-4-229",5,"event-4-229-O-229","present","HumanObservation"
"230","event-5-230",5,"event-5-230-O-230","present","HumanObservation"
"231","event-1-231",4.7,"event-1-231-O-231","present","HumanObservation"
"232","event-2-232",4.3,"event-2-232-O-232","present","HumanObservation"
"233","event-3-233",4.4,"event-3-233-O-233","present","HumanObservation"
"234","event-4-234",4.9,"event-4-234-O-234","present","HumanObservation"
"235","event-5-235",4.5,"event-5-235-O-235","present","HumanObservation"
"236","event-1-236",4,"event-1-236-O-236","present","HumanObservation"
"237","event-2-237",4.4,"event-2-237-O-237","present","HumanObservation"
"238","event-3-238",5,"event-3-238-O-238","present","HumanObservation"
"239","event-4-239",4.7,"event-4-239-O-239","present","HumanObservation"
"240","event-5-240",4.8,"event-5-240-O-240","present","HumanObservation"
"241","event-1-241",4.5,"event-1-241-O-241","present","HumanObservation"
"242","event-2-242",4.1,"event-2-242-O-242","present","HumanObservation"
"243","event-3-243",5.3,"event-3-243-O-243","present","HumanObservation"
"244","event-4-244",4.8,"event-4-244-O-244","present","HumanObservation"
"245","event-5-245",5,"event-5-245-O-245","present","HumanObservation"
"246","event-1-246",4.6,"event-1-246-O-246","present","HumanObservation"
"247","event-2-247",4.3,"event-2-247-O-247","present","HumanObservation"
"248","event-3-248",4.7,"event-3-248-O-248","present","HumanObservation"
"249","event-4-249",5.3,"event-4-249-O-249","present","HumanObservation"
"250","event-5-250",4.2,"event-5-250-O-250","present","HumanObservation"
"251","event-1-251",4.7,"event-1-251-O-251","present","HumanObservation"
"252","event-2-252",4.5,"event-2-252-O-252","present","HumanObservation"
"253","event-3-253",5.1,"event-3-253-O-253","present","HumanObservation"
"254","event-4-254",4.9,"event-4-254-O-254","present","HumanObservation"
"255","event-5-255",4.4,"event-5-255-O-255","present","HumanObservation"
"256","event-1-256",4.2,"event-1-256-O-256","present","HumanObservation"
"257","event-2-257",4.6,"event-2-257-O-257","present","HumanObservation"
"258","event-3-258",4.7,"event-3-258-O-258","present","HumanObservation"
"259","event-4-259",4.2,"event-4-259-O-259","present","HumanObservation"
"260","event-5-260",4.9,"event-5-260-O-260","present","HumanObservation"
"261","event-1-261",5.1,"event-1-261-O-261","present","HumanObservation"
"262","event-2-262",4.7,"event-2-262-O-262","present","HumanObservation"
"263","event-3-263",4.4,"event-3-263-O-263","present","HumanObservation"
"264","event-4-264",4.4,"event-4-264-O-264","present","HumanObservation"
"265","event-5-265",4.2,"event-5-265-O-265","present","HumanObservation"
"266","event-1-266",4.9,"event-1-266-O-266","present","HumanObservation"
"267","event-2-267",4.6,"event-2-267-O-267","present","HumanObservation"
"268","event-3-268",4.4,"event-3-268-O-268","present","HumanObservation"
"269","event-4-269",4.6,"event-4-269-O-269","present","HumanObservation"
"270","event-5-270",4.5,"event-5-270-O-270","present","HumanObservation"
"271","event-1-271",4.4,"event-1-271-O-271","present","HumanObservation"
"272","event-2-272",4.9,"event-2-272-O-272","present","HumanObservation"
"273","event-3-273",4.1,"event-3-273-O-273","present","HumanObservation"
"274","event-4-274",4.2,"event-4-274-O-274","present","HumanObservation"
"275","event-5-275",5.7,"event-5-275-O-275","present","HumanObservation"
"276","event-1-276",4.6,"event-1-276-O-276","present","HumanObservation"
"277","event-2-277",5,"event-2-277-O-277","present","HumanObservation"
"278","event-3-278",4.3,"event-3-278-O-278","present","HumanObservation"
"279","event-4-279",4.5,"event-4-279-O-279","present","HumanObservation"
"280","event-5-280",5.2,"event-5-280-O-280","present","HumanObservation"
"281","event-1-281",4.4,"event-1-281-O-281","present","HumanObservation"
"282","event-2-282",4.2,"event-2-282-O-282","present","HumanObservation"
"283","event-3-283",4.6,"event-3-283-O-283","present","HumanObservation"
"284","event-4-284",4,"event-4-284-O-284","present","HumanObservation"
"285","event-5-285",4.4,"event-5-285-O-285","present","HumanObservation"
"286","event-1-286",4.7,"event-1-286-O-286","present","HumanObservation"
"287","event-2-287",4.2,"event-2-287-O-287","present","HumanObservation"
"288","event-3-288",4.7,"event-3-288-O-288","present","HumanObservation"
"289","event-4-289",4.5,"event-4-289-O-289","present","HumanObservation"
"290","event-5-290",5,"event-5-290-O-290","present","HumanObservation"
"291","event-1-291",5,"event-1-291-O-291","present","HumanObservation"
"292","event-2-292",4.8,"event-2-292-O-292","present","HumanObservation"
"293","event-3-293",4.6,"event-3-293-O-293","present","HumanObservation"
"294","event-4-294",4.6,"event-4-294-O-294","present","HumanObservation"
"295","event-5-295",5,"event-5-295-O-295","present","HumanObservation"
"296","event-1-296",5,"event-1-296-O-296","present","HumanObservation"
"297","event-2-297",5.6,"event-2-297-O-297","present","HumanObservation"
"298","event-3-298",4,"event-3-298-O-298","present","HumanObservation"
"299","event-4-299",4,"event-4-299-O-299","present","HumanObservation"
"300","event-5-300",4.6,"event-5-300-O-300","present","HumanObservation"
"301","event-1-301",4.4,"event-1-301-O-301","present","HumanObservation"
"302","event-2-302",4.8,"event-2-302-O-302","present","HumanObservation"
"303","event-3-303",4.7,"event-3-303-O-303","present","HumanObservation"
"304","event-4-304",4.6,"event-4-304-O-304","present","HumanObservation"
"305","event-5-305",4.3,"event-5-305-O-305","present","HumanObservation"
"306","event-1-306",4.7,"event-1-306-O-306","present","HumanObservation"
"307","event-2-307",4.1,"event-2-307-O-307","present","HumanObservation"
"308","event-3-308",4.9,"event-3-308-O-308","present","HumanObservation"
"309","event-4-309",4.6,"event-4-309-O-309","present","HumanObservation"
"310","event-5-310",4.8,"event-5-310-O-310","present","HumanObservation"
"311","event-1-311",4.9,"event-1-311-O-311","present","HumanObservation"
"312","event-2-312",5.1,"event-2-312-O-312","present","HumanObservation"
"313","event-3-313",5.4,"event-3-313-O-313","present","HumanObservation"
"314","event-4-314",4.5,"event-4-314-O-314","present","HumanObservation"
"315","event-5-315",4.9,"event-5-315-O-315","present","HumanObservation"
"316","event-1-316",4.4,"event-1-316-O-316","present","HumanObservation"
"317","event-2-317",4.1,"event-2-317-O-317","present","HumanObservation"
"318","event-3-318",5.3,"event-3-318-O-318","present","HumanObservation"
"319","event-4-319",4.5,"event-4-319-O-319","present","HumanObservation"
"320","event-5-320",4.9,"event-5-320-O-320","present","HumanObservation"
"321","event-1-321",4.8,"event-1-321-O-321","present","HumanObservation"
"322","event-2-322",5.2,"event-2-322-O-322","present","HumanObservation"
"323","event-3-323",4.4,"event-3-323-O-323","present","HumanObservation"
"324","event-4-324",4.4,"event-4-324-O-324","present","HumanObservation"
"325","event-5-325",4.9,"event-5-325-O-325","present","HumanObservation"
"326","event-1-326",4.4,"event-1-326-O-326","present","HumanObservation"
"327","event-2-327",4.2,"event-2-327-O-327","present","HumanObservation"
"328","event-3-328",4.6,"event-3-328-O-328","present","HumanObservation"
"329","event-4-329",4.6,"event-4-329-O-329","present","HumanObservation"
"330","event-5-330",5.3,"event-5-330-O-330","present","HumanObservation"
"331","event-1-331",5.3,"event-1-331-O-331","present","HumanObservation"
"332","event-2-332",4.5,"event-2-332-O-332","present","HumanObservation"
"333","event-3-333",4.4,"event-3-333-O-333","present","HumanObservation"
"334","event-4-334",5,"event-4-334-O-334","present","HumanObservation"
"335","event-5-335",5.1,"event-5-335-O-335","present","HumanObservation"
"336","event-1-336",4.5,"event-1-336-O-336","present","HumanObservation"
"337","event-2-337",4.5,"event-2-337-O-337","present","HumanObservation"
"338","event-3-338",5.4,"event-3-338-O-338","present","HumanObservation"
"339","event-4-339",4.5,"event-4-339-O-339","present","HumanObservation"
"340","event-5-340",4.7,"event-5-340-O-340","present","HumanObservation"
"341","event-1-341",4.2,"event-1-341-O-341","present","HumanObservation"
"342","event-2-342",4.8,"event-2-342-O-342","present","HumanObservation"
"343","event-3-343",4.5,"event-3-343-O-343","present","HumanObservation"
"344","event-4-344",4.3,"event-4-344-O-344","present","HumanObservation"
"345","event-5-345",4.3,"event-5-345-O-345","present","HumanObservation"
"346","event-1-346",4.3,"event-1-346-O-346","present","HumanObservation"
"347","event-2-347",4.6,"event-2-347-O-347","present","HumanObservation"
"348","event-3-348",4.5,"event-3-348-O-348","present","HumanObservation"
"349","event-4-349",5,"event-4-349-O-349","present","HumanObservation"
"350","event-5-350",4.6,"event-5-350-O-350","present","HumanObservation"
"351","event-1-351",4.6,"event-1-351-O-351","present","HumanObservation"
"352","event-2-352",4.9,"event-2-352-O-352","present","HumanObservation"
"353","event-3-353",4.1,"event-3-353-O-353","present","HumanObservation"
"354","event-4-354",5.5,"event-4-354-O-354","present","HumanObservation"
"355","event-5-355",4.7,"event-5-355-O-355","present","HumanObservation"
"356","event-1-356",5,"event-1-356-O-356","present","HumanObservation"
"357","event-2-357",5.1,"event-2-357-O-357","present","HumanObservation"
"358","event-3-358",5.5,"event-3-358-O-358","present","HumanObservation"
"359","event-4-359",4.6,"event-4-359-O-359","present","HumanObservation"
"360","event-5-360",4.7,"event-5-360-O-360","present","HumanObservation"
"361","event-1-361",4.2,"event-1-361-O-361","present","HumanObservation"
"362","event-2-362",4,"event-2-362-O-362","present","HumanObservation"
"363","event-3-363",5.4,"event-3-363-O-363","present","HumanObservation"
"364","event-4-364",4.3,"event-4-364-O-364","present","HumanObservation"
"365","event-5-365",4.4,"event-5-365-O-365","present","HumanObservation"
"366","event-1-366",4.6,"event-1-366-O-366","present","HumanObservation"
"367","event-2-367",5.1,"event-2-367-O-367","present","HumanObservation"
"368","event-3-368",4.5,"event-3-368-O-368","present","HumanObservation"
"369","event-4-369",4.2,"event-4-369-O-369","present","HumanObservation"
"370","event-5-370",4.1,"event-5-370-O-370","present","HumanObservation"
"371","event-1-371",5.1,"event-1-371-O-371","present","HumanObservation"
"372","event-2-372",5.4,"event-2-372-O-372","present","HumanObservation"
"373","event-3-373",5.1,"event-3-373-O-373","present","HumanObservation"
"374","event-4-374",5.1,"event-4-374-O-374","present","HumanObservation"
"375","event-5-375",4.4,"event-5-375-O-375","present","HumanObservation"
"376","event-1-376",5.7,"event-1-376-O-376","present","HumanObservation"
"377","event-2-377",4.4,"event-2-377-O-377","present","HumanObservation"
"378","event-3-378",5.1,"event-3-378-O-378","present","HumanObservation"
"379","event-4-379",4.6,"event-4-379-O-379","present","HumanObservation"
"380","event-5-380",5.5,"event-5-380-O-380","present","HumanObservation"
"381","event-1-381",5.1,"event-1-381-O-381","present","HumanObservation"
"382","event-2-382",4.4,"event-2-382-O-382","present","HumanObservation"
"383","event-3-383",5,"event-3-383-O-383","present","HumanObservation"
"384","event-4-384",5,"event-4-384-O-384","present","HumanObservation"
"385","event-5-385",5.1,"event-5-385-O-385","present","HumanObservation"
"386","event-1-386",5.1,"event-1-386-O-386","present","HumanObservation"
"387","event-2-387",4.2,"event-2-387-O-387","present","HumanObservation"
"388","event-3-388",4.5,"event-3-388-O-388","present","HumanObservation"
"389","event-4-389",4,"event-4-389-O-389","present","HumanObservation"
"390","event-5-390",4.9,"event-5-390-O-390","present","HumanObservation"
"391","event-1-391",4.3,"event-1-391-O-391","present","HumanObservation"
"392","event-2-392",4.8,"event-2-392-O-392","present","HumanObservation"
"393","event-3-393",4.4,"event-3-393-O-393","present","HumanObservation"
"394","event-4-394",4.2,"event-4-394-O-394","present","HumanObservation"
"395","event-5-395",4.9,"event-5-395-O-395","present","HumanObservation"
"396","event-1-396",4.2,"event-1-396-O-396","present","HumanObservation"
"397","event-2-397",5.3,"event-2-397-O-397","present","HumanObservation"
"398","event-3-398",5,"event-3-398-O-398","present","HumanObservation"
"399","event-4-399",5.7,"event-4-399-O-399","present","HumanObservation"
"400","event-5-400",5.3,"event-5-400-O-400","present","HumanObservation"
"401","event-1-401",4.7,"event-1-401-O-401","present","HumanObservation"
"402","event-2-402",4.6,"event-2-402-O-402","present","HumanObservation"
"403","event-3-403",4.3,"event-3-403-O-403","present","HumanObservation"
"404","event-4-404",5.4,"event-4-404-O-404","present","HumanObservation"
"405","event-5-405",4.4,"event-5-405-O-405","present","HumanObservation"
"406","event-1-406",4.3,"event-1-406-O-406","present","HumanObservation"
"407","event-2-407",4.3,"event-2-407-O-407","present","HumanObservation"
"408","event-3-408",4.7,"event-3-408-O-408","present","HumanObservation"
"409","event-4-409",4.4,"event-4-409-O-409","present","HumanObservation"
"410","event-5-410",4.2,"event-5-410-O-410","present","HumanObservation"
"411","event-1-411",4.5,"event-1-411-O-411","present","HumanObservation"
"412","event-2-412",4.8,"event-2-412-O-412","present","HumanObservation"
"413","event-3-413",4.8,"event-3-413-O-413","present","HumanObservation"
"414","event-4-414",4.3,"event-4-414-O-414","present","HumanObservation"
"415","event-5-415",4.4,"event-5-415-O-415","present","HumanObservation"
"416","event-1-416",5.1,"event-1-416-O-416","present","HumanObservation"
"417","event-2-417",4.4,"event-2-417-O-417","present","HumanObservation"
"418","event-3-418",4.4,"event-3-418-O-418","present","HumanObservation"
"419","event-4-419",4.3,"event-4-419-O-419","present","HumanObservation"
"420","event-5-420",4.8,"event-5-420-O-420","present","HumanObservation"
"421","event-1-421",4.3,"event-1-421-O-421","present","HumanObservation"
"422","event-2-422",4.5,"event-2-422-O-422","present","HumanObservation"
"423","event-3-423",4.1,"event-3-423-O-423","present","HumanObservation"
"424","event-4-424",5.1,"event-4-424-O-424","present","HumanObservation"
"425","event-5-425",4.7,"event-5-425-O-425","present","HumanObservation"
"426","event-1-426",4.6,"event-1-426-O-426","present","HumanObservation"
"427","event-2-427",4.7,"event-2-427-O-427","present","HumanObservation"
"428","event-3-428",4.6,"event-3-428-O-428","present","HumanObservation"
"429","event-4-429",4.4,"event-4-429-O-429","present","HumanObservation"
"430","event-5-430",4.2,"event-5-430-O-430","present","HumanObservation"
"431","event-1-431",4.1,"event-1-431-O-431","present","HumanObservation"
"432","event-2-432",4.7,"event-2-432-O-432","present","HumanObservation"
"433","event-3-433",4,"event-3-433-O-433","present","HumanObservation"
"434","event-4-434",4.8,"event-4-434-O-434","present","HumanObservation"
"435","event-5-435",4.4,"event-5-435-O-435","present","HumanObservation"
"436","event-1-436",4.3,"event-1-436-O-436","present","HumanObservation"
"437","event-2-437",4.4,"event-2-437-O-437","present","HumanObservation"
"438","event-3-438",4.5,"event-3-438-O-438","present","HumanObservation"
"439","event-4-439",4.5,"event-4-439-O-439","present","HumanObservation"
"440","event-5-440",4.7,"event-5-440-O-440","present","HumanObservation"
"441","event-1-441",4.3,"event-1-441-O-441","present","HumanObservation"
"442","event-2-442",4.7,"event-2-442-O-442","present","HumanObservation"
"443","event-3-443",4.8,"event-3-443-O-443","present","HumanObservation"
"444","event-4-444",4.6,"event-4-444-O-444","present","HumanObservation"
"445","event-5-445",5.1,"event-5-445-O-445","present","HumanObservation"
"446","event-1-446",4.7,"event-1-446-O-446","present","HumanObservation"
"447","event-2-447",4.3,"event-2-447-O-447","present","HumanObservation"
"448","event-3-448",5.1,"event-3-448-O-448","present","HumanObservation"
"449","event-4-449",5.5,"event-4-449-O-449","present","HumanObservation"
"450","event-5-450",4.5,"event-5-450-O-450","present","HumanObservation"
"451","event-1-451",4.3,"event-1-451-O-451","present","HumanObservation"
"452","event-2-452",4.3,"event-2-452-O-452","present","HumanObservation"
"453","event-3-453",4.7,"event-3-453-O-453","present","HumanObservation"
"454","event-4-454",4.3,"event-4-454-O-454","present","HumanObservation"
"455","event-5-455",4.3,"event-5-455-O-455","present","HumanObservation"
"456","event-1-456",4.6,"event-1-456-O-456","present","HumanObservation"
"457","event-2-457",4.5,"event-2-457-O-457","present","HumanObservation"
"458","event-3-458",4.5,"event-3-458-O-458","present","HumanObservation"
"459","event-4-459",5.4,"event-4-459-O-459","present","HumanObservation"
"460","event-5-460",4.6,"event-5-460-O-460","present","HumanObservation"
"461","event-1-461",4.4,"event-1-461-O-461","present","HumanObservation"
"462","event-2-462",5,"event-2-462-O-462","present","HumanObservation"
"463","event-3-463",5.2,"event-3-463-O-463","present","HumanObservation"
"464","event-4-464",4.4,"event-4-464-O-464","present","HumanObservation"
"465","event-5-465",5.1,"event-5-465-O-465","present","HumanObservation"
"466","event-1-466",4.4,"event-1-466-O-466","present","HumanObservation"
"467","event-2-467",4.4,"event-2-467-O-467","present","HumanObservation"
"468","event-3-468",4.8,"event-3-468-O-468","present","HumanObservation"
"469","event-4-469",4.4,"event-4-469-O-469","present","HumanObservation"
"470","event-5-470",4.7,"event-5-470-O-470","present","HumanObservation"
"471","event-1-471",4.7,"event-1-471-O-471","present","HumanObservation"
"472","event-2-472",4.4,"event-2-472-O-472","present","HumanObservation"
"473","event-3-473",4.3,"event-3-473-O-473","present","HumanObservation"
"474","event-4-474",5,"event-4-474-O-474","present","HumanObservation"
"475","event-5-475",4.5,"event-5-475-O-475","present","HumanObservation"
"476","event-1-476",4.6,"event-1-476-O-476","present","HumanObservation"
"477","event-2-477",5.4,"event-2-477-O-477","present","HumanObservation"
"478","event-3-478",4.6,"event-3-478-O-478","present","HumanObservation"
"479","event-4-479",4.5,"event-4-479-O-479","present","HumanObservation"
"480","event-5-480",4.4,"event-5-480-O-480","present","HumanObservation"
"481","event-1-481",4.5,"event-1-481-O-481","present","HumanObservation"
"482","event-2-482",4.1,"event-2-482-O-482","present","HumanObservation"
"483","event-3-483",4,"event-3-483-O-483","present","HumanObservation"
"484","event-4-484",4.9,"event-4-484-O-484","present","HumanObservation"
"485","event-5-485",4.1,"event-5-485-O-485","present","HumanObservation"
"486","event-1-486",5.2,"event-1-486-O-486","present","HumanObservation"
"487","event-2-487",4.4,"event-2-487-O-487","present","HumanObservation"
"488","event-3-488",4.1,"event-3-488-O-488","present","HumanObservation"
"489","event-4-489",4.9,"event-4-489-O-489","present","HumanObservation"
"490","event-5-490",4.6,"event-5-490-O-490","present","HumanObservation"
"491","event-1-491",4.5,"event-1-491-O-491","present","HumanObservation"
"492","event-2-492",4.8,"event-2-492-O-492","present","HumanObservation"
"493","event-3-493",4.2,"event-3-493-O-493","present","HumanObservation"
"494","event-4-494",4.2,"event-4-494-O-494","present","HumanObservation"
"495","event-5-495",4.1,"event-5-495-O-495","present","HumanObservation"
"496","event-1-496",5.5,"event-1-496-O-496","present","HumanObservation"
"497","event-2-497",4.4,"event-2-497-O-497","present","HumanObservation"
"498","event-3-498",4.8,"event-3-498-O-498","present","HumanObservation"
"499","event-4-499",4.2,"event-4-499-O-499","present","HumanObservation"
"500","event-5-500",4.8,"event-5-500-O-500","present","HumanObservation"
"501","event-1-501",4.9,"event-1-501-O-501","present","HumanObservation"
"502","event-2-502",4.6,"event-2-502-O-502","present","HumanObservation"
"503","event-3-503",4.5,"event-3-503-O-503","present","HumanObservation"
"504","event-4-504",4.4,"event-4-504-O-504","present","HumanObservation"
"505","event-5-505",4.6,"event-5-505-O-505","present","HumanObservation"
"506","event-1-506",4.2,"event-1-506-O-506","present","HumanObservation"
"507","event-2-507",4.7,"event-2-507-O-507","present","HumanObservation"
"508","event-3-508",4.4,"event-3-508-O-508","present","HumanObservation"
"509","event-4-509",4.5,"event-4-509-O-509","present","HumanObservation"
"510","event-5-510",4.9,"event-5-510-O-510","present","HumanObservation"
"511","event-1-511",4.7,"event-1-511-O-511","present","HumanObservation"
"512","event-2-512",5.5,"event-2-512-O-512","present","HumanObservation"
"513","event-3-513",4.7,"event-3-513-O-513","present","HumanObservation"
"514","event-4-514",4.6,"event-4-514-O-514","present","HumanObservation"
"515","event-5-515",4.1,"event-5-515-O-515","present","HumanObservation"
"516","event-1-516",4.7,"event-1-516-O-516","present","HumanObservation"
"517","event-2-517",4.6,"event-2-517-O-517","present","HumanObservation"
"518","event-3-518",4.3,"event-3-518-O-518","present","HumanObservation"
"519","event-4-519",4.4,"event-4-519-O-519","present","HumanObservation"
"520","event-5-520",4.7,"event-5-520-O-520","present","HumanObservation"
"521","event-1-521",4.3,"event-1-521-O-521","present","HumanObservation"
"522","event-2-522",4.1,"event-2-522-O-522","present","HumanObservation"
"523","event-3-523",4.7,"event-3-523-O-523","present","HumanObservation"
"524","event-4-524",4.5,"event-4-524-O-524","present","HumanObservation"
"525","event-5-525",5.5,"event-5-525-O-525","present","HumanObservation"
"526","event-1-526",4.5,"event-1-526-O-526","present","HumanObservation"
"527","event-2-527",4.6,"event-2-527-O-527","present","HumanObservation"
"528","event-3-528",5.1,"event-3-528-O-528","present","HumanObservation"
"529","event-4-529",4.4,"event-4-529-O-529","present","HumanObservation"
"530","event-5-530",4.7,"event-5-530-O-530","present","HumanObservation"
"531","event-1-531",5.5,"event-1-531-O-531","present","HumanObservation"
"532","event-2-532",4.6,"event-2-532-O-532","present","HumanObservation"
"533","event-3-533",4,"event-3-533-O-533","present","HumanObservation"
"534","event-4-534",4.6,"event-4-534-O-534","present","HumanObservation"
"535","event-5-535",4.8,"event-5-535-O-535","present","HumanObservation"
"536","event-1-536",4.7,"event-1-536-O-536","present","HumanObservation"
"537","event-2-537",4.7,"event-2-537-O-537","present","HumanObservation"
"538","event-3-538",4.2,"event-3-538-O-538","present","HumanObservation"
"539","event-4-539",5.4,"event-4-539-O-539","present","HumanObservation"
"540","event-5-540",4.6,"event-5-540-O-540","present","HumanObservation"
"541","event-1-541",5.5,"event-1-541-O-541","present","HumanObservation"
"542","event-2-542",4.2,"event-2-542-O-542","present","HumanObservation"
"543","event-3-543",4.5,"event-3-543-O-543","present","HumanObservation"
"544","event-4-544",4.5,"event-4-544-O-544","present","HumanObservation"
"545","event-5-545",4.8,"event-5-545-O-545","present","HumanObservation"
"546","event-1-546",4.6,"event-1-546-O-546","present","HumanObservation"
"547","event-2-547",5.4,"event-2-547-O-547","present","HumanObservation"
"548","event-3-548",4.6,"event-3-548-O-548","present","HumanObservation"
"549","event-4-549",5,"event-4-549-O-549","present","HumanObservation"
"550","event-5-550",4.3,"event-5-550-O-550","present","HumanObservation"
"551","event-1-551",4.3,"event-1-551-O-551","present","HumanObservation"
"552","event-2-552",4.8,"event-2-552-O-552","present","HumanObservation"
"553","event-3-553",4.7,"event-3-553-O-553","present","HumanObservation"
"554","event-4-554",4.7,"event-4-554-O-554","present","HumanObservation"
"555","event-5-555",4.8,"event-5-555-O-555","present","HumanObservation"
"556","event-1-556",4.2,"event-1-556-O-556","present","HumanObservation"
"557","event-2-557",4.2,"event-2-557-O-557","present","HumanObservation"
"558","event-3-558",5.9,"event-3-558-O-558","present","HumanObservation"
"559","event-4-559",4.6,"event-4-559-O-559","present","HumanObservation"
"560","event-5-560",4.5,"event-5-560-O-560","present","HumanObservation"
"561","event-1-561",4.9,"event-1-561-O-561","present","HumanObservation"
"562","event-2-562",4.7,"event-2-562-O-562","present","HumanObservation"
"563","event-3-563",4.9,"event-3-563-O-563","present","HumanObservation"
"564","event-4-564",5.3,"event-4-564-O-564","present","HumanObservation"
"565","event-5-565",4.2,"event-5-565-O-565","present","HumanObservation"
"566","event-1-566",4.2,"event-1-566-O-566","present","HumanObservation"
"567","event-2-567",4.5,"event-2-567-O-567","present","HumanObservation"
"568","event-3-568",5.2,"event-3-568-O-568","present","HumanObservation"
"569","event-4-569",4.5,"event-4-569-O-569","present","HumanObservation"
"570","event-5-570",5.6,"event-5-570-O-570","present","HumanObservation"
"571","event-1-571",5.2,"event-1-571-O-571","present","HumanObservation"
"572","event-2-572",4.8,"event-2-572-O-572","present","HumanObservation"
"573","event-3-573",4.5,"event-3-573-O-573","present","HumanObservation"
"574","event-4-574",5,"event-4-574-O-574","present","HumanObservation"
"575","event-5-575",4.4,"event-5-575-O-575","present","HumanObservation"
"576","event-1-576",4.5,"event-1-576-O-576","present","HumanObservation"
"577","event-2-577",4.6,"event-2-577-O-577","present","HumanObservation"
"578","event-3-578",4.5,"event-3-578-O-578","present","HumanObservation"
"579","event-4-579",5.2,"event-4-579-O-579","present","HumanObservation"
"580","event-5-580",5.1,"event-5-580-O-580","present","HumanObservation"
"581","event-1-581",4.8,"event-1-581-O-581","present","HumanObservation"
"582","event-2-582",4.3,"event-2-582-O-582","present","HumanObservation"
"583","event-3-583",5.1,"event-3-583-O-583","present","HumanObservation"
"584","event-4-584",4.7,"event-4-584-O-584","present","HumanObservation"
"585","event-5-585",4.6,"event-5-585-O-585","present","HumanObservation"
"586","event-1-586",4.8,"event-1-586-O-586","present","HumanObservation"
"587","event-2-587",4.6,"event-2-587-O-587","present","HumanObservation"
"588","event-3-588",4.4,"event-3-588-O-588","present","HumanObservation"
"589","event-4-589",4.6,"event-4-589-O-589","present","HumanObservation"
"590","event-5-590",5.1,"event-5-590-O-590","present","HumanObservation"
"591","event-1-591",4.3,"event-1-591-O-591","present","HumanObservation"
"592","event-2-592",4.4,"event-2-592-O-592","present","HumanObservation"
"593","event-3-593",4.7,"event-3-593-O-593","present","HumanObservation"
"594","event-4-594",4.8,"event-4-594-O-594","present","HumanObservation"
"595","event-5-595",4.1,"event-5-595-O-595","present","HumanObservation"
"596","event-1-596",4.6,"event-1-596-O-596","present","HumanObservation"
"597","event-2-597",4.9,"event-2-597-O-597","present","HumanObservation"
"598","event-3-598",4,"event-3-598-O-598","present","HumanObservation"
"599","event-4-599",4.7,"event-4-599-O-599","present","HumanObservation"
"600","event-5-600",4.7,"event-5-600-O-600","present","HumanObservation"
"601","event-1-601",5.2,"event-1-601-O-601","present","HumanObservation"
"602","event-2-602",4.6,"event-2-602-O-602","present","HumanObservation"
"603","event-3-603",4.6,"event-3-603-O-603","present","HumanObservation"
"604","event-4-604",4.9,"event-4-604-O-604","present","HumanObservation"
"605","event-5-605",5.7,"event-5-605-O-605","present","HumanObservation"
"606","event-1-606",4.7,"event-1-606-O-606","present","HumanObservation"
"607","event-2-607",4.4,"event-2-607-O-607","present","HumanObservation"
"608","event-3-608",4.9,"event-3-608-O-608","present","HumanObservation"
"609","event-4-609",4.8,"event-4-609-O-609","present","HumanObservation"
"610","event-5-610",4.6,"event-5-610-O-610","present","HumanObservation"
"611","event-1-611",4.4,"event-1-611-O-611","present","HumanObservation"
"612","event-2-612",4.8,"event-2-612-O-612","present","HumanObservation"
"613","event-3-613",4.7,"event-3-613-O-613","present","HumanObservation"
"614","event-4-614",4.2,"event-4-614-O-614","present","HumanObservation"
"615","event-5-615",5.1,"event-5-615-O-615","present","HumanObservation"
"616","event-1-616",4.8,"event-1-616-O-616","present","HumanObservation"
"617","event-2-617",4.9,"event-2-617-O-617","present","HumanObservation"
"618","event-3-618",5.1,"event-3-618-O-618","present","HumanObservation"
"619","event-4-619",4.3,"event-4-619-O-619","present","HumanObservation"
"620","event-5-620",4.4,"event-5-620-O-620","present","HumanObservation"
"621","event-1-621",4.7,"event-1-621-O-621","present","HumanObservation"
"622","event-2-622",4.7,"event-2-622-O-622","present","HumanObservation"
"623","event-3-623",5.3,"event-3-623-O-623","present","HumanObservation"
"624","event-4-624",5.1,"event-4-624-O-624","present","HumanObservation"
"625","event-5-625",4.9,"event-5-625-O-625","present","HumanObservation"
"626","event-1-626",4.5,"event-1-626-O-626","present","HumanObservation"
"627","event-2-627",4.7,"event-2-627-O-627","present","HumanObservation"
"628","event-3-628",4.2,"event-3-628-O-628","present","HumanObservation"
"629","event-4-629",5.1,"event-4-629-O-629","present","HumanObservation"
"630","event-5-630",4.8,"event-5-630-O-630","present","HumanObservation"
"631","event-1-631",4.2,"event-1-631-O-631","present","HumanObservation"
"632","event-2-632",4.8,"event-2-632-O-632","present","HumanObservation"
"633","event-3-633",4.4,"event-3-633-O-633","present","HumanObservation"
"634","event-4-634",4.5,"event-4-634-O-634","present","HumanObservation"
"635","event-5-635",4.3,"event-5-635-O-635","present","HumanObservation"
"636","event-1-636",5.6,"event-1-636-O-636","present","HumanObservation"
"637","event-2-637",4,"event-2-637-O-637","present","HumanObservation"
"638","event-3-638",5,"event-3-638-O-638","present","HumanObservation"
"639","event-4-639",4.2,"event-4-639-O-639","present","HumanObservation"
"640","event-5-640",4.6,"event-5-640-O-640","present","HumanObservation"
"641","event-1-641",4.6,"event-1-641-O-641","present","HumanObservation"
"642","event-2-642",4.5,"event-2-642-O-642","present","HumanObservation"
"643","event-3-643",5,"event-3-643-O-643","present","HumanObservation"
"644","event-4-644",4.7,"event-4-644-O-644","present","HumanObservation"
"645","event-5-645",4.6,"event-5-645-O-645","present","HumanObservation"
"646","event-1-646",4.8,"event-1-646-O-646","present","HumanObservation"
"647","event-2-647",4.6,"event-2-647-O-647","present","HumanObservation"
"648","event-3-648",4.4,"event-3-648-O-648","present","HumanObservation"
"649","event-4-649",5.6,"event-4-649-O-649","present","HumanObservation"
"650","event-5-650",4.2,"event-5-650-O-650","present","HumanObservation"
"651","event-1-651",5.4,"event-1-651-O-651","present","HumanObservation"
"652","event-2-652",4.8,"event-2-652-O-652","present","HumanObservation"
"653","event-3-653",5.6,"event-3-653-O-653","present","HumanObservation"
"654","event-4-654",4.4,"event-4-654-O-654","present","HumanObservation"
"655","event-5-655",4.7,"event-5-655-O-655","present","HumanObservation"
"656","event-1-656",4.6,"event-1-656-O-656","present","HumanObservation"
"657","event-2-657",5.1,"event-2-657-O-657","present","HumanObservation"
"658","event-3-658",4.6,"event-3-658-O-658","present","HumanObservation"
"659","event-4-659",4.5,"event-4-659-O-659","present","HumanObservation"
"660","event-5-660",4.2,"event-5-660-O-660","present","HumanObservation"
"661","event-1-661",4.8,"event-1-661-O-661","present","HumanObservation"
"662","event-2-662",4.9,"event-2-662-O-662","present","HumanObservation"
"663","event-3-663",5.5,"event-3-663-O-663","present","HumanObservation"
"664","event-4-664",5,"event-4-664-O-664","present","HumanObservation"
"665","event-5-665",4.2,"event-5-665-O-665","present","HumanObservation"
"666","event-1-666",5.2,"event-1-666-O-666","present","HumanObservation"
"667","event-2-667",4.8,"event-2-667-O-667","present","HumanObservation"
"668","event-3-668",4.4,"event-3-668-O-668","present","HumanObservation"
"669","event-4-669",4.8,"event-4-669-O-669","present","HumanObservation"
"670","event-5-670",4.4,"event-5-670-O-670","present","HumanObservation"
"671","event-1-671",4.1,"event-1-671-O-671","present","HumanObservation"
"672","event-2-672",4.9,"event-2-672-O-672","present","HumanObservation"
"673","event-3-673",4.6,"event-3-673-O-673","present","HumanObservation"
"674","event-4-674",4.5,"event-4-674-O-674","present","HumanObservation"
"675","event-5-675",5.3,"event-5-675-O-675","present","HumanObservation"
"676","event-1-676",4.8,"event-1-676-O-676","present","HumanObservation"
"677","event-2-677",4.6,"event-2-677-O-677","present","HumanObservation"
"678","event-3-678",4.8,"event-3-678-O-678","present","HumanObservation"
"679","event-4-679",4.7,"event-4-679-O-679","present","HumanObservation"
"680","event-5-680",4.9,"event-5-680-O-680","present","HumanObservation"
"681","event-1-681",5.3,"event-1-681-O-681","present","HumanObservation"
"682","event-2-682",4.4,"event-2-682-O-682","present","HumanObservation"
"683","event-3-683",4.6,"event-3-683-O-683","present","HumanObservation"
"684","event-4-684",4.3,"event-4-684-O-684","present","HumanObservation"
"685","event-5-685",4.4,"event-5-685-O-685","present","HumanObservation"
"686","event-1-686",4.2,"event-1-686-O-686","present","HumanObservation"
"687","event-2-687",4.1,"event-2-687-O-687","present","HumanObservation"
"688","event-3-688",4.2,"event-3-688-O-688","present","HumanObservation"
"689","event-4-689",5,"event-4-689-O-689","present","HumanObservation"
"690","event-5-690",4.1,"event-5-690-O-690","present","HumanObservation"
"691","event-1-691",4.3,"event-1-691-O-691","present","HumanObservation"
"692","event-2-692",5.2,"event-2-692-O-692","present","HumanObservation"
"693","event-3-693",4.2,"event-3-693-O-693","present","HumanObservation"
"694","event-4-694",4.5,"event-4-694-O-694","present","HumanObservation"
"695","event-5-695",4.4,"event-5-695-O-695","present","HumanObservation"
"696","event-1-696",4.4,"event-1-696-O-696","present","HumanObservation"
"697","event-2-697",5,"event-2-697-O-697","present","HumanObservation"
"698","event-3-698",4,"event-3-698-O-698","present","HumanObservation"
"699","event-4-699",4.8,"event-4-699-O-699","present","HumanObservation"
"700","event-5-700",5,"event-5-700-O-700","present","HumanObservation"
"701","event-1-701",4.2,"event-1-701-O-701","present","HumanObservation"
"702","event-2-702",5.2,"event-2-702-O-702","present","HumanObservation"
"703","event-3-703",5.2,"event-3-703-O-703","present","HumanObservation"
"704","event-4-704",4.5,"event-4-704-O-704","present","HumanObservation"
"705","event-5-705",4.3,"event-5-705-O-705","present","HumanObservation"
"706","event-1-706",4.5,"event-1-706-O-706","present","HumanObservation"
"707","event-2-707",4.6,"event-2-707-O-707","present","HumanObservation"
"708","event-3-708",5.1,"event-3-708-O-708","present","HumanObservation"
"709","event-4-709",4.4,"event-4-709-O-709","present","HumanObservation"
"710","event-5-710",4.3,"event-5-710-O-710","present","HumanObservation"
"711","event-1-711",4.7,"event-1-711-O-711","present","HumanObservation"
"712","event-2-712",5.6,"event-2-712-O-712","present","HumanObservation"
"713","event-3-713",4.9,"event-3-713-O-713","present","HumanObservation"
"714","event-4-714",5.1,"event-4-714-O-714","present","HumanObservation"
"715","event-5-715",4.6,"event-5-715-O-715","present","HumanObservation"
"716","event-1-716",4.4,"event-1-716-O-716","present","HumanObservation"
"717","event-2-717",4.8,"event-2-717-O-717","present","HumanObservation"
"718","event-3-718",4.2,"event-3-718-O-718","present","HumanObservation"
"719","event-4-719",4.7,"event-4-719-O-719","present","HumanObservation"
"720","event-5-720",4.1,"event-5-720-O-720","present","HumanObservation"
"721","event-1-721",4.7,"event-1-721-O-721","present","HumanObservation"
"722","event-2-722",4,"event-2-722-O-722","present","HumanObservation"
"723","event-3-723",4.9,"event-3-723-O-723","present","HumanObservation"
"724","event-4-724",5,"event-4-724-O-724","present","HumanObservation"
"725","event-5-725",4.5,"event-5-725-O-725","present","HumanObservation"
"726","event-1-726",4.4,"event-1-726-O-726","present","HumanObservation"
"727","event-2-727",4,"event-2-727-O-727","present","HumanObservation"
"728","event-3-728",4.5,"event-3-728-O-728","present","HumanObservation"
"729","event-4-729",4.7,"event-4-729-O-729","present","HumanObservation"
"730","event-5-730",4.4,"event-5-730-O-730","present","HumanObservation"
"731","event-1-731",4.7,"event-1-731-O-731","present","HumanObservation"
"732","event-2-732",4.7,"event-2-732-O-732","present","HumanObservation"
"733","event-3-733",4,"event-3-733-O-733","present","HumanObservation"
"734","event-4-734",4.2,"event-4-734-O-734","present","HumanObservation"
"735","event-5-735",4.5,"event-5-735-O-735","present","HumanObservation"
"736","event-1-736",4.7,"event-1-736-O-736","present","HumanObservation"
"737","event-2-737",4.5,"event-2-737-O-737","present","HumanObservation"
"738","event-3-738",4.1,"event-3-738-O-738","present","HumanObservation"
"739","event-4-739",4.6,"event-4-739-O-739","present","HumanObservation"
"740","event-5-740",4.3,"event-5-740-O-740","present","HumanObservation"
"741","event-1-741",4.6,"event-1-741-O-741","present","HumanObservation"
"742","event-2-742",5.2,"event-2-742-O-742","present","HumanObservation"
"743","event-3-743",4.6,"event-3-743-O-743","present","HumanObservation"
"744","event-4-744",4.7,"event-4-744-O-744","present","HumanObservation"
"745","event-5-745",5,"event-5-745-O-745","present","HumanObservation"
"746","event-1-746",5.2,"event-1-746-O-746","present","HumanObservation"
"747","event-2-747",4.4,"event-2-747-O-747","present","HumanObservation"
"748","event-3-748",4.6,"event-3-748-O-748","present","HumanObservation"
"749","event-4-749",4.5,"event-4-749-O-749","present","HumanObservation"
"750","event-5-750",4,"event-5-750-O-750","present","HumanObservation"
"751","event-1-751",4.2,"event-1-751-O-751","present","HumanObservation"
"752","event-2-752",5.3,"event-2-752-O-752","present","HumanObservation"
"753","event-3-753",5.9,"event-3-753-O-753","present","HumanObservation"
"754","event-4-754",4.9,"event-4-754-O-754","present","HumanObservation"
"755","event-5-755",4.5,"event-5-755-O-755","present","HumanObservation"
"756","event-1-756",4.4,"event-1-756-O-756","present","HumanObservation"
"757","event-2-757",5.4,"event-2-757-O-757","present","HumanObservation"
"758","event-3-758",5.3,"event-3-758-O-758","present","HumanObservation"
"759","event-4-759",5.1,"event-4-759-O-759","present","HumanObservation"
"760","event-5-760",4.1,"event-5-760-O-760","present","HumanObservation"
"761","event-1-761",4.3,"event-1-761-O-761","present","HumanObservation"
"762","event-2-762",4.5,"event-2-762-O-762","present","HumanObservation"
"763","event-3-763",4.1,"event-3-763-O-763","present","HumanObservation"
"764","event-4-764",5.1,"event-4-764-O-764","present","HumanObservation"
"765","event-5-765",5.3,"event-5-765-O-765","present","HumanObservation"
"766","event-1-766",4.5,"event-1-766-O-766","present","HumanObservation"
"767","event-2-767",4.1,"event-2-767-O-767","present","HumanObservation"
"768","event-3-768",4.4,"event-3-768-O-768","present","HumanObservation"
"769","event-4-769",4.7,"event-4-769-O-769","present","HumanObservation"
"770","event-5-770",4,"event-5-770-O-770","present","HumanObservation"
"771","event-1-771",5.1,"event-1-771-O-771","present","HumanObservation"
"772","event-2-772",4,"event-2-772-O-772","present","HumanObservation"
"773","event-3-773",4.3,"event-3-773-O-773","present","HumanObservation"
"774","event-4-774",4.3,"event-4-774-O-774","present","HumanObservation"
"775","event-5-775",4,"event-5-775-O-775","present","HumanObservation"
"776","event-1-776",4.1,"event-1-776-O-776","present","HumanObservation"
"777","event-2-777",4.4,"event-2-777-O-777","present","HumanObservation"
"778","event-3-778",4.3,"event-3-778-O-778","present","HumanObservation"
"779","event-4-779",4.2,"event-4-779-O-779","present","HumanObservation"
"780","event-5-150",4,"event-5-150-O-780","present","HumanObservation"
"781","event-1-780",4.5,"event-1-780-O-781","present","HumanObservation"
"782","event-2-781",4.7,"event-2-781-O-782","present","HumanObservation"
"783","event-3-782",5,"event-3-782-O-783","present","HumanObservation"
"784","event-4-783",4.3,"event-4-783-O-784","present","HumanObservation"
"785","event-5-784",5.1,"event-5-784-O-785","present","HumanObservation"
"786","event-1-785",4.7,"event-1-785-O-786","present","HumanObservation"
"787","event-2-786",5.3,"event-2-786-O-787","present","HumanObservation"
"788","event-3-787",5,"event-3-787-O-788","present","HumanObservation"
"789","event-4-788",4.5,"event-4-788-O-789","present","HumanObservation"
"790","event-5-789",5,"event-5-789-O-790","present","HumanObservation"
"791","event-1-790",4.1,"event-1-790-O-791","present","HumanObservation"
"792","event-2-791",4.9,"event-2-791-O-792","present","HumanObservation"
"793","event-3-792",4.1,"event-3-792-O-793","present","HumanObservation"
"794","event-4-793",4,"event-4-793-O-794","present","HumanObservation"
"795","event-5-794",4.4,"event-5-794-O-795","present","HumanObservation"
"796","event-1-795",4.5,"event-1-795-O-796","present","HumanObservation"
"797","event-2-796",4.4,"event-2-796-O-797","present","HumanObservation"
"798","event-3-797",4.5,"event-3-797-O-798","present","HumanObservation"
"799","event-4-798",4.3,"event-4-798-O-799","present","HumanObservation"
"800","event-5-799",4.3,"event-5-799-O-800","present","HumanObservation"
"801","event-1-800",5,"event-1-800-O-801","present","HumanObservation"
"802","event-2-801",4.5,"event-2-801-O-802","present","HumanObservation"
"803","event-3-802",4.5,"event-3-802-O-803","present","HumanObservation"
"804","event-4-803",4.4,"event-4-803-O-804","present","HumanObservation"
"805","event-5-804",4.5,"event-5-804-O-805","present","HumanObservation"
"806","event-1-805",4.1,"event-1-805-O-806","present","HumanObservation"
"807","event-2-806",4.9,"event-2-806-O-807","present","HumanObservation"
"808","event-3-807",4.7,"event-3-807-O-808","present","HumanObservation"
"809","event-4-808",4.3,"event-4-808-O-809","present","HumanObservation"
"810","event-5-809",4.6,"event-5-809-O-810","present","HumanObservation"
"811","event-1-810",4.6,"event-1-810-O-811","present","HumanObservation"
"812","event-2-811",5.2,"event-2-811-O-812","present","HumanObservation"
"813","event-3-812",4.5,"event-3-812-O-813","present","HumanObservation"
"814","event-4-813",4.3,"event-4-813-O-814","present","HumanObservation"
"815","event-5-814",4.6,"event-5-814-O-815","present","HumanObservation"
"816","event-1-815",4,"event-1-815-O-816","present","HumanObservation"
"817","event-2-816",4.5,"event-2-816-O-817","present","HumanObservation"
"818","event-3-817",4.8,"event-3-817-O-818","present","HumanObservation"
"819","event-4-818",4.6,"event-4-818-O-819","present","HumanObservation"
"820","event-5-819",4.1,"event-5-819-O-820","present","HumanObservation"
"821","event-1-820",4.9,"event-1-820-O-821","present","HumanObservation"
"822","event-2-821",4.7,"event-2-821-O-822","present","HumanObservation"
"823","event-3-822",4.1,"event-3-822-O-823","present","HumanObservation"
"824","event-4-823",4.3,"event-4-823-O-824","present","HumanObservation"
"825","event-5-824",4.4,"event-5-824-O-825","present","HumanObservation"
"826","event-1-825",4,"event-1-825-O-826","present","HumanObservation"
"827","event-2-826",4.8,"event-2-826-O-827","present","HumanObservation"
"828","event-3-827",4.4,"event-3-827-O-828","present","HumanObservation"
"829","event-4-828",4.4,"event-4-828-O-829","present","HumanObservation"
"830","event-5-829",4.6,"event-5-829-O-830","present","HumanObservation"
"831","event-1-830",4.2,"event-1-830-O-831","present","HumanObservation"
"832","event-2-831",4.1,"event-2-831-O-832","present","HumanObservation"
"833","event-3-832",4.2,"event-3-832-O-833","present","HumanObservation"
"834","event-4-833",4,"event-4-833-O-834","present","HumanObservation"
"835","event-5-834",4.1,"event-5-834-O-835","present","HumanObservation"
"836","event-1-835",4.1,"event-1-835-O-836","present","HumanObservation"
"837","event-2-836",4.7,"event-2-836-O-837","present","HumanObservation"
"838","event-3-837",4.8,"event-3-837-O-838","present","HumanObservation"
"839","event-4-838",5.1,"event-4-838-O-839","present","HumanObservation"
"840","event-5-839",5,"event-5-839-O-840","present","HumanObservation"
"841","event-1-840",4.8,"event-1-840-O-841","present","HumanObservation"
"842","event-2-841",4.4,"event-2-841-O-842","present","HumanObservation"
"843","event-3-842",5,"event-3-842-O-843","present","HumanObservation"
"844","event-4-843",5.2,"event-4-843-O-844","present","HumanObservation"
"845","event-5-844",4.2,"event-5-844-O-845","present","HumanObservation"
"846","event-1-845",4.1,"event-1-845-O-846","present","HumanObservation"
"847","event-2-846",4.8,"event-2-846-O-847","present","HumanObservation"
"848","event-3-847",4.5,"event-3-847-O-848","present","HumanObservation"
"849","event-4-848",5,"event-4-848-O-849","present","HumanObservation"
"850","event-5-849",5.1,"event-5-849-O-850","present","HumanObservation"
"851","event-1-850",4.1,"event-1-850-O-851","present","HumanObservation"
"852","event-2-851",4.7,"event-2-851-O-852","present","HumanObservation"
"853","event-3-852",5.2,"event-3-852-O-853","present","HumanObservation"
"854","event-4-853",4.8,"event-4-853-O-854","present","HumanObservation"
"855","event-5-854",4.5,"event-5-854-O-855","present","HumanObservation"
"856","event-1-855",4,"event-1-855-O-856","present","HumanObservation"
"857","event-2-856",4.7,"event-2-856-O-857","present","HumanObservation"
"858","event-3-857",4.1,"event-3-857-O-858","present","HumanObservation"
"859","event-4-858",4.3,"event-4-858-O-859","present","HumanObservation"
"860","event-5-859",4.3,"event-5-859-O-860","present","HumanObservation"
"861","event-1-860",4,"event-1-860-O-861","present","HumanObservation"
"862","event-2-861",4.7,"event-2-861-O-862","present","HumanObservation"
"863","event-3-862",4.1,"event-3-862-O-863","present","HumanObservation"
"864","event-4-863",4.2,"event-4-863-O-864","present","HumanObservation"
"865","event-5-864",4.8,"event-5-864-O-865","present","HumanObservation"
"866","event-1-865",4.8,"event-1-865-O-866","present","HumanObservation"
"867","event-2-866",4.2,"event-2-866-O-867","present","HumanObservation"
"868","event-3-867",4.2,"event-3-867-O-868","present","HumanObservation"
"869","event-4-868",5.7,"event-4-868-O-869","present","HumanObservation"
"870","event-5-869",6,"event-5-869-O-870","present","HumanObservation"
"871","event-1-870",4.2,"event-1-870-O-871","present","HumanObservation"
"872","event-2-871",4.5,"event-2-871-O-872","present","HumanObservation"
"873","event-3-872",4.9,"event-3-872-O-873","present","HumanObservation"
"874","event-4-873",4.4,"event-4-873-O-874","present","HumanObservation"
"875","event-5-874",4,"event-5-874-O-875","present","HumanObservation"
"876","event-1-875",4.3,"event-1-875-O-876","present","HumanObservation"
"877","event-2-876",4.2,"event-2-876-O-877","present","HumanObservation"
"878","event-3-877",4.5,"event-3-877-O-878","present","HumanObservation"
"879","event-4-878",4.8,"event-4-878-O-879","present","HumanObservation"
"880","event-5-879",4.4,"event-5-879-O-880","present","HumanObservation"
"881","event-1-880",4.2,"event-1-880-O-881","present","HumanObservation"
"882","event-2-881",4.2,"event-2-881-O-882","present","HumanObservation"
"883","event-3-882",5,"event-3-882-O-883","present","HumanObservation"
"884","event-4-883",4.2,"event-4-883-O-884","present","HumanObservation"
"885","event-5-884",5.2,"event-5-884-O-885","present","HumanObservation"
"886","event-1-885",4.5,"event-1-885-O-886","present","HumanObservation"
"887","event-2-886",4.6,"event-2-886-O-887","present","HumanObservation"
"888","event-3-887",5,"event-3-887-O-888","present","HumanObservation"
"889","event-4-888",5,"event-4-888-O-889","present","HumanObservation"
"890","event-5-889",5.4,"event-5-889-O-890","present","HumanObservation"
"891","event-1-890",4.8,"event-1-890-O-891","present","HumanObservation"
"892","event-2-891",4.2,"event-2-891-O-892","present","HumanObservation"
"893","event-3-892",5.5,"event-3-892-O-893","present","HumanObservation"
"894","event-4-893",4.3,"event-4-893-O-894","present","HumanObservation"
"895","event-5-894",4.1,"event-5-894-O-895","present","HumanObservation"
"896","event-1-895",4.4,"event-1-895-O-896","present","HumanObservation"
"897","event-2-896",4.9,"event-2-896-O-897","present","HumanObservation"
"898","event-3-897",4.5,"event-3-897-O-898","present","HumanObservation"
"899","event-4-898",4.9,"event-4-898-O-899","present","HumanObservation"
"900","event-5-899",4,"event-5-899-O-900","present","HumanObservation"
"901","event-1-900",4.5,"event-1-900-O-901","present","HumanObservation"
"902","event-2-901",5,"event-2-901-O-902","present","HumanObservation"
"903","event-3-902",4.9,"event-3-902-O-903","present","HumanObservation"
"904","event-4-903",4.5,"event-4-903-O-904","present","HumanObservation"
"905","event-5-904",4.2,"event-5-904-O-905","present","HumanObservation"
"906","event-1-905",4.2,"event-1-905-O-906","present","HumanObservation"
"907","event-2-906",4.2,"event-2-906-O-907","present","HumanObservation"
"908","event-3-907",5.2,"event-3-907-O-908","present","HumanObservation"
"909","event-4-908",4.3,"event-4-908-O-909","present","HumanObservation"
"910","event-5-909",5.1,"event-5-909-O-910","present","HumanObservation"
"911","event-1-910",4.6,"event-1-910-O-911","present","HumanObservation"
"912","event-2-911",4.6,"event-2-911-O-912","present","HumanObservation"
"913","event-3-912",4.4,"event-3-912-O-913","present","HumanObservation"
"914","event-4-913",4.4,"event-4-913-O-914","present","HumanObservation"
"915","event-5-914",4.9,"event-5-914-O-915","present","HumanObservation"
"916","event-1-915",5.1,"event-1-915-O-916","present","HumanObservation"
"917","event-2-916",4.2,"event-2-916-O-917","present","HumanObservation"
"918","event-3-917",4.7,"event-3-917-O-918","present","HumanObservation"
"919","event-4-918",4,"event-4-918-O-919","present","HumanObservation"
"920","event-5-919",5.6,"event-5-919-O-920","present","HumanObservation"
"921","event-1-920",5.3,"event-1-920-O-921","present","HumanObservation"
"922","event-2-921",5,"event-2-921-O-922","present","HumanObservation"
"923","event-3-922",4.3,"event-3-922-O-923","present","HumanObservation"
"924","event-4-923",4.1,"event-4-923-O-924","present","HumanObservation"
"925","event-5-924",5.1,"event-5-924-O-925","present","HumanObservation"
"926","event-1-925",4.5,"event-1-925-O-926","present","HumanObservation"
"927","event-2-926",4.9,"event-2-926-O-927","present","HumanObservation"
"928","event-3-927",5.4,"event-3-927-O-928","present","HumanObservation"
"929","event-4-928",4.7,"event-4-928-O-929","present","HumanObservation"
"930","event-5-929",4.8,"event-5-929-O-930","present","HumanObservation"
"931","event-1-930",4.5,"event-1-930-O-931","present","HumanObservation"
"932","event-2-931",4.2,"event-2-931-O-932","present","HumanObservation"
"933","event-3-932",4.6,"event-3-932-O-933","present","HumanObservation"
"934","event-4-933",4.6,"event-4-933-O-934","present","HumanObservation"
"935","event-5-934",5.6,"event-5-934-O-935","present","HumanObservation"
"936","event-1-935",5.4,"event-1-935-O-936","present","HumanObservation"
"937","event-2-936",4,"event-2-936-O-937","present","HumanObservation"
"938","event-3-937",5.2,"event-3-937-O-938","present","HumanObservation"
"939","event-4-938",4.2,"event-4-938-O-939","present","HumanObservation"
"940","event-5-939",4.7,"event-5-939-O-940","present","HumanObservation"
"941","event-1-940",4.3,"event-1-940-O-941","present","HumanObservation"
"942","event-2-941",4.8,"event-2-941-O-942","present","HumanObservation"
"943","event-3-942",4.6,"event-3-942-O-943","present","HumanObservation"
"944","event-4-943",5.4,"event-4-943-O-944","present","HumanObservation"
"945","event-5-944",4.8,"event-5-944-O-945","present","HumanObservation"
"946","event-1-945",4.6,"event-1-945-O-946","present","HumanObservation"
"947","event-2-946",4.2,"event-2-946-O-947","present","HumanObservation"
"948","event-3-947",5.5,"event-3-947-O-948","present","HumanObservation"
"949","event-4-948",4.7,"event-4-948-O-949","present","HumanObservation"
"950","event-5-949",4.7,"event-5-949-O-950","present","HumanObservation"
"951","event-1-950",4.5,"event-1-950-O-951","present","HumanObservation"
"952","event-2-951",5.5,"event-2-951-O-952","present","HumanObservation"
"953","event-3-952",4.5,"event-3-952-O-953","present","HumanObservation"
"954","event-4-953",4.1,"event-4-953-O-954","present","HumanObservation"
"955","event-5-954",4,"event-5-954-O-955","present","HumanObservation"
"956","event-1-955",4.3,"event-1-955-O-956","present","HumanObservation"
"957","event-2-956",4.7,"event-2-956-O-957","present","HumanObservation"
"958","event-3-957",4.9,"event-3-957-O-958","present","HumanObservation"
"959","event-4-958",4.5,"event-4-958-O-959","present","HumanObservation"
"960","event-5-959",4.7,"event-5-959-O-960","present","HumanObservation"
"961","event-1-960",4.5,"event-1-960-O-961","present","HumanObservation"
"962","event-2-961",4.8,"event-2-961-O-962","present","HumanObservation"
"963","event-3-962",4.3,"event-3-962-O-963","present","HumanObservation"
"964","event-4-963",4.1,"event-4-963-O-964","present","HumanObservation"
"965","event-5-964",5.4,"event-5-964-O-965","present","HumanObservation"
"966","event-1-965",4.1,"event-1-965-O-966","present","HumanObservation"
"967","event-2-966",4.8,"event-2-966-O-967","present","HumanObservation"
"968","event-3-967",4.2,"event-3-967-O-968","present","HumanObservation"
"969","event-4-968",4.8,"event-4-968-O-969","present","HumanObservation"
"970","event-5-969",5.4,"event-5-969-O-970","present","HumanObservation"
"971","event-1-970",4.4,"event-1-970-O-971","present","HumanObservation"
"972","event-2-971",5.2,"event-2-971-O-972","present","HumanObservation"
"973","event-3-972",4.7,"event-3-972-O-973","present","HumanObservation"
"974","event-4-973",4.9,"event-4-973-O-974","present","HumanObservation"
"975","event-5-974",4.9,"event-5-974-O-975","present","HumanObservation"
"976","event-1-975",4.2,"event-1-975-O-976","present","HumanObservation"
"977","event-2-976",4.4,"event-2-976-O-977","present","HumanObservation"
"978","event-3-977",4.4,"event-3-977-O-978","present","HumanObservation"
"979","event-4-978",4.3,"event-4-978-O-979","present","HumanObservation"
"980","event-5-979",4.9,"event-5-979-O-980","present","HumanObservation"
"981","event-1-980",5,"event-1-980-O-981","present","HumanObservation"
"982","event-2-981",4.7,"event-2-981-O-982","present","HumanObservation"
"983","event-3-982",4.9,"event-3-982-O-983","present","HumanObservation"
"984","event-4-983",4.3,"event-4-983-O-984","present","HumanObservation"
"985","event-5-984",4.5,"event-5-984-O-985","present","HumanObservation"
"986","event-1-985",4.2,"event-1-985-O-986","present","HumanObservation"
"987","event-2-986",5.2,"event-2-986-O-987","present","HumanObservation"
"988","event-3-987",4.8,"event-3-987-O-988","present","HumanObservation"
"989","event-4-988",4,"event-4-988-O-989","present","HumanObservation"
"990","event-5-989",4.7,"event-5-989-O-990","present","HumanObservation"
"991","event-1-990",4.3,"event-1-990-O-991","present","HumanObservation"
"992","event-2-991",4.3,"event-2-991-O-992","present","HumanObservation"
"993","event-3-992",4.9,"event-3-992-O-993","present","HumanObservation"
"994","event-4-993",4,"event-4-993-O-994","present","HumanObservation"
"995","event-5-994",4.2,"event-5-994-O-995","present","HumanObservation"
"996","event-1-995",4.4,"event-1-995-O-996","present","HumanObservation"
"997","event-2-996",4.7,"event-2-996-O-997","present","HumanObservation"
"998","event-3-997",4.5,"event-3-997-O-998","present","HumanObservation"
"999","event-4-998",4.5,"event-4-998-O-999","present","HumanObservation"
"1000","event-5-999",6,"event-5-999-O-1000","present","HumanObservation"
